{
  "global": {
    "cityId": "710000000",
    "ignoreSellers": []
  },
  "profiles": [
    {
      "id": "store-1",
      "name": "Store 1",
      "cityId": "710000000"
    },
    {
      "id": "store-2",
      "name": "Store 2",
      "cityId": "710000000"
    },
    {
      "id": "store-3",
      "name": "Store 3",
      "cityId": "710000000"
    },
    {
      "id": "store-4",
      "name": "Store 4",
      "cityId": "710000000"
    },
    {
      "id": "store-5",
      "name": "Store 5",
      "cityId": "710000000"
    }
  ],
  "activeProfileId": "store-1",
  "items": {
    "CL_OC_MEN_PRINT51_BLACK_116155651_54-56_(3XL)": {
      "active": true,
      "min": 8900,
      "max": 9000,
      "step": 1,
      "interval": 5,
      "ignoreSellers": []
    },
    "CL_OC_MEN_PRINT51_BLACK_105133574_54-56_(3XL)": {
      "active": false,
      "min": 8000,
      "max": 9000,
      "step": 1,
      "interval": 5,
      "ignoreSellers": []
    },
    "CL_OC_MEN_PRINT51_BLACK_108382478_46_(L)": {
      "active": false,
      "min": 8800,
      "max": 0,
      "step": 1,
      "interval": 5,
      "ignoreSellers": []
    },
    "OnlyFit 004": {
      "active": true,
      "min": 18990,
      "max": 18990,
      "step": 1,
      "interval": 5,
      "ignoreSellers": []
    },
    "OnlyFit 058": {
      "active": false,
      "min": 0,
      "max": 0,
      "step": 1,
      "interval": 3,
      "ignoreSellers": []
    }
  },
  "updatedAt": "2025-08-11T05:49:19.854Z"
}