{
  "30137883": {
    "merchantId": "30137883",
    "defaultCityId": 710000000,
    "globalIgnoredOpponents": [],
    "sku": {}
  },
  "30141222": {
    "merchantId": "30141222",
    "defaultCityId": 710000000,
    "globalIgnoredOpponents": [],
    "sku": {
      "CL_OC_MEN_PRINT51_BLACK_116155651_54-56_(3XL)": {
        "active": false
      },
      "CL_OC_MEN_PRINT51_BLACK_112128130_62-7XL_(4XL)": {
        "active": false
      },
      "CL_OC_MEN_PRINT51_BLACK_108382478_58_(4XL)": {
        "active": true,
        "minPrice": 12000,
        "maxPrice": 12000
      },
      "CL_OC_MEN_PRINT51_BLACK_112128130_52-2XL_(2XL)": {
        "active": false,
        "minPrice": 11500,
        "maxPrice": 11500,
        "intervalMin": 4
      },
      "CL_OC_MEN_PRINT51_BLACK_112128130_60-6XL_(4XL)": {
        "active": false
      },
      "CL_OC_MEN_PRINT51_BLACK_112128130_46-M_(L)": {
        "active": true,
        "minPrice": 14990,
        "maxPrice": 14990,
        "stepKzt": 1
      },
      "CL_OC_MEN_PRINT51_BLACK_109953019_48_(XL)": {
        "active": true,
        "minPrice": 8800,
        "maxPrice": 8850
      }
    }
  },
  "30141223": {
    "merchantId": "30141223",
    "defaultCityId": 710000000,
    "globalIgnoredOpponents": [],
    "sku": {}
  },
  "30141224": {
    "merchantId": "30141224",
    "defaultCityId": 710000000,
    "globalIgnoredOpponents": [],
    "sku": {}
  },
  "30141225": {
    "merchantId": "30141225",
    "defaultCityId": 710000000,
    "globalIgnoredOpponents": [],
    "sku": {}
  },
  "30290083": {
    "merchantId": "30290083",
    "defaultCityId": 710000000,
    "globalIgnoredOpponents": [],
    "sku": {}
  },
  "30361967": {
    "merchantId": "30361967",
    "defaultCityId": 710000000,
    "globalIgnoredOpponents": [],
    "sku": {}
  },
  "30362323": {
    "merchantId": "30362323",
    "defaultCityId": 710000000,
    "globalIgnoredOpponents": [],
    "sku": {}
  },
  "test-store": {
    "merchantId": "test-store",
    "defaultCityId": 710000000,
    "globalIgnoredOpponents": [],
    "sku": {}
  }
}