{
  "branch": "crm-api-join",
  "last_commits": {
    "bundle_setup": "bed9d9f",
    "crm_import": "bc47e1b",
    "env_bootstrap": "774493d",
    "orders_intake": "4e378f5",
    "size_link": "fe4f0e6",
    "api_orders_staging": "f7ed1eb",
    "report_missing_maps": "844113d",
    "exports_group_pdfs": "c1dec88",
    "zip_exports": "03b5f89",
    "wa_helper": "2a77bfc",
    "schema_strict": "18b5da0",
    "daily_runner": "7d9201a",
    "webhook_stub": "a2f6080"
  },
  "flags": {
    "bundle_ready": true,
    "crm_paths_brought_in": true,
    "env_local_present": true,
    "api_test_ran": true,
    "api_token_present": false,
    "orders_etl_ready": true,
    "orders_api_timeout": true,
    "size_grids_present": false,
    "size_link_ready": true,
    "size_link_processed": true,
    "missing_maps_report_ready": true,
    "api_orders_staging_ready": true,
    "data_crm_present": true,
    "exports_ready": true,
    "zip_ready": true,
    "wa_helper_ready": true,
    "webhook_stub_ready": true
  },
  "checkpoint": "2025-08-14T16:00:00Z"
}
