{
  "data": [
    {
      "id": "1001",
      "created_at": "2025-08-13T10:05:21Z",
      "shop_name": "KSP Almaty-1",
      "code": "KSP-ABC123",
      "product_master_code": "PRINT51_BLACK",
      "variant_size": "XL",
      "quantity": 1,
      "price": 19990,
      "customer_phone_number": "+77010000001"
    },
    {
      "id": "1002",
      "created_at": "2025-08-13T11:42:03Z",
      "shop_name": "KSP Astana-2",
      "code": "KSP-XYZ999",
      "product_master_code": "BELI51_BLACK",
      "variant_size": "M",
      "quantity": 2,
      "price": 15990,
      "customer_phone_number": "+77010000002"
    }
  ]
}
