{
  "branch": "crm-api-join",
  "last_commits": {
    "bundle_setup": "bed9d9f",
    "crm_import": "bc47e1b",
    "env_bootstrap": "774493d",
    "orders_intake": "4e378f5",
    "size_link": "fe4f0e6",
    "api_orders_staging": "f7ed1eb",
    "report_missing_maps": "844113d",
    "exports_group_pdfs": "c1dec88",
    "zip_exports": "03b5f89",
    "wa_helper": "2a77bfc",
    "schema_strict": "18b5da0",
    "join_hardened": "222fdcb",
    "daily_runner": "7d9201a",
    "webhook_stub": "a2f6080",
    "size_recs_update": "5cf9c93",
    "labels_grouping": "b244704",
    "orders_paging": "1c295c4",
    "ci_sanity": "878a9a3",
    "waybills_downloader": "e88dde2",
    "outbox_pack": "5a9ec47",
    "waba_sender": "d90de23",
    "pipeline_run_all": "3c41d60",
    "wa_webhook": "191caeb"
  },
  "flags": {
    "bundle_ready": true,
    "crm_paths_brought_in": true,
    "env_local_present": true,
    "api_test_ran": true,
    "api_token_present": false,
    "orders_etl_ready": true,
    "orders_api_timeout": true,
    "size_grids_present": false,
    "size_link_ready": true,
    "size_link_processed": true,
    "missing_maps_report_ready": true,
    "api_orders_staging_ready": true,
    "data_crm_present": true,
    "exports_ready": true,
    "zip_ready": true,
    "wa_helper_ready": true,
    "webhook_stub_ready": true,
    "size_recs_ready": true
  },
  "checkpoint": "2025-08-14T18:12:00Z"
}
