OrderID,Date,Product_Category,MODEL,SKU_ID,Qty,SellPrice_KZT,ChannelID,FX_RUBKZT
607640463,2025-08-08,,,CL_OC_MEN_PRINT51_BLACK_XL,0,8995.0,,
607971646,2025-08-08,,,CL_OC_MEN_PRINT51_BLACK_S,0,8940.0,,
607638617,2025-08-08,,,CL_OC_MEN_PRINT51_BLACK_S,0,10882.0,,
607502486,2025-08-08,,,CL_OC_MEN_PRINT51_BLACK_S,0,10888.0,,
608136492,2025-08-08,,,CL_OC_MEN_PRINT51_BLACK_M,0,8926.0,,
607531758,2025-08-08,,,CL_OC_MEN_PRINT51_BLACK_M,0,9000.0,,
608037585,2025-08-08,,,CL_OC_MEN_PRINT51_BLACK_L,0,8147.0,,
608026553,2025-08-08,,,CL_OC_MEN_PRINT51_BLACK_L,0,8149.0,,
607710308,2025-08-08,,,CL_OC_MEN_PRINT51_BLACK_L,0,8195.0,,
607481335,2025-08-08,,,CL_OC_MEN_PRINT51_BLACK_L,0,9000.0,,
607634607,2025-08-08,,,CL_OC_MEN_PRINT51_BLACK_L,0,8265.0,,
608316137,2025-08-08,,,CL_OC_MEN_PRINT51_BLACK_L,0,8913.0,,
607477184,2025-08-08,,,CL_OC_MEN_PRINT51_BLACK_L,0,8800.0,,
608143027,2025-08-08,,,CL_OC_MEN_PRINT51_BLACK_4XL,0,8929.0,,
608235518,2025-08-08,,,CL_OC_MEN_PRINT51_BLACK_2XL,0,11898.0,,
607672790,2025-08-08,,,CL_OC_MEN_PRINT51_BLACK_2XL,0,8336.0,,
607628147,2025-08-08,,,BELI51_XL,0,14990.0,,
607896803,2025-08-08,,,BELI51_XL,0,11990.0,,
607682941,2025-08-08,,,BELI51_S,0,10990.0,,
608206692,2025-08-08,,,BELI51_M,0,11990.0,,
607727571,2025-08-08,,,BELI51_L,0,14990.0,,
608229488,2025-08-08,,,BELI51_L,0,11990.0,,
607821525,2025-08-08,,,BELI51_L,0,11990.0,,
607822231,2025-08-08,,,BELI51_L,0,11990.0,,
608279224,2025-08-08,,,BELI51_L,0,11990.0,,
607736265,2025-08-08,,,BELI51_4XL,0,14990.0,,
607760265,2025-08-08,,,BELI51_4XL,0,14990.0,,
607576566,2025-08-08,,,BELI51_3XL,0,14990.0,,
607970293,2025-08-08,,,CL_NEW_CLO_MEN_TAICI_BLACK_M,0,990.0,,
607970293,2025-08-08,,,CL_NEW_CLO_MEN_LEG_BLACK_M,0,999.0,,
607970293,2025-08-08,,,CL_NEW_CLO_MEN_LEG_WHITE_3XL,0,1398.0,,
607820837,2025-08-08,,,CL_NEW_CLO_MEN_T_SHIRT_BLACK_XL,0,2886.0,,
607614758,2025-08-08,,,CL_NEW_CLO_MEN_T_SHIRT_BLACK_XL,0,2894.0,,
607569535,2025-08-08,,,CL_NEW_CLO_MEN_T_SHIRT_BLACK_M,0,5990.0,,
608216599,2025-08-08,,,CL_NEW_CLO_MEN_TAICI_BLACK_XL,0,990.0,,
607696577,2025-08-08,,,CL_NEW_CLO_MEN_TAICI_BLACK_3XL,0,1800.0,,
607891649,2025-08-08,,,CL_NEW_CLO_KIDS_KID_31_BLACK_M,0,8998.0,,
607608154,2025-08-08,,,CL_NEW_CLO_MEN_RUSH_PRO_BLACK_XL,0,3234.0,,
608287814,2025-08-08,,,CL_NEW_CLO_MEN_RUSH_PRO_BLACK_XL,0,2997.0,,
608224274,2025-08-08,,,CL_NEW_CLO_MEN_RUSH_PRO_BLACK_XL,0,2997.0,,
607570383,2025-08-08,,,CL_NEW_CLO_MEN_RUSH_PRO_BLACK_L,0,3196.0,,
608024136,2025-08-08,,,CL_NEW_CLO_MEN_RUSH_PRO_BLACK_L,0,2998.0,,
608113849,2025-08-08,,,CL_OC_MEN_PRINT51_BLACK_XL,0,8244.0,,
607638514,2025-08-08,,,CL_OC_MEN_PRINT51_BLACK_L,0,8765.0,,
608312177,2025-08-08,,,CL_OC_MEN_PRINT51_BLACK_L,0,8025.0,,
608290307,2025-08-08,,,CL_OC_MEN_PRINT51_BLACK_L,0,8933.0,,
608021928,2025-08-08,,,CL_OC_MEN_PRINT51_BLACK_3XL,0,8934.0,,
607873555,2025-08-08,,,CL_OC_MEN_PRINT51_BLACK_2XL,0,8977.0,,
607847445,2025-08-08,,,CL_OC_MEN_PRINT51_BLACK_2XL,0,8984.0,,
608192323,2025-08-08,,,CL_NEW_CLO_MEN_LEG_BLACK_XL,0,1398.0,,
607638898,2025-08-08,,,CL_NEW_CLO_MEN_LEG_BLACK_XL,0,3951.0,,
608168918,2025-08-08,,,CL_NEW_CLO_MEN_LEG_BLACK_L,0,999.0,,
607722976,2025-08-08,,,CL_NEW_CLO_MEN_LEG_BLACK_2XL,0,1398.0,,
608099212,2025-08-08,,,CL_NEW_CLO_MEN_LEG_WHITE_XL,0,1478.0,,
608117975,2025-08-08,,,CL_NEW_CLO_MEN_LEG_WHITE_XL,0,1398.0,,
608000084,2025-08-08,,,CL_NEW_CLO_MEN_LEG_WHITE_L,0,1488.0,,
607481016,2025-08-08,,,CL_NEW_CLO_MEN_LEG_WHITE_2XL,0,1398.0,,
607418765,2025-08-07,,,CL_OC_MEN_PRINT51_BLACK_XL,0,8307.0,,
607404952,2025-08-07,,,CL_OC_MEN_PRINT51_BLACK_4XL,0,8999.0,,
607342163,2025-08-07,,,BELI51_XL,0,14990.0,,
606882693,2025-08-07,,,BELI51_XL,0,16990.0,,
606970049,2025-08-07,,,BELI51_3XL,0,14990.0,,
607556116,2025-08-07,,,BELI51_3XL,0,14990.0,,
607006041,2025-08-07,,,BELI51_3XL,0,14990.0,,
607340740,2025-08-07,,,CL_NEW_CLO_MEN_T_SHIRT_BLACK_XL,0,3495.0,,
606763172,2025-08-07,,,CL_NEW_CLO_MEN_T_SHIRT_BLACK_XL,0,3499.0,,
606754142,2025-08-07,,,CL_NEW_CLO_MEN_TAICI_BLACK_M,0,999.0,,
606735997,2025-08-07,,,CL_NEW_CLO_MEN_TAICI_BLACK_M,0,999.0,,
607433097,2025-08-07,,,CL_NEW_CLO_MEN_TAICI_BLACK_L,0,990.0,,
607051258,2025-08-07,,,CL_NEW_CLO_MEN_TAICI_BLACK_L,0,999.0,,
606854674,2025-08-07,,,CL_NEW_CLO_MEN_TAICI_BLACK_L,0,999.0,,
607105676,2025-08-07,,,CL_NEW_CLO_MEN_TAICI_BLACK_3XL,0,3600.0,,
607422375,2025-08-07,,,CL_NEW_CLO_MEN_TAICI_BLACK_2XL,0,992.0,,
607330158,2025-08-07,,,CL_NEW_CLO_MEN_TAICI_BLACK_2XL,0,998.0,,
607023210,2025-08-07,,,CL_NEW_CLO_MEN_TAICI_BLACK_2XL,0,1000.0,,
606830089,2025-08-07,,,CL_NEW_CLO_MEN_RUSH_PRO_BLACK_XL,0,3498.0,,
606934424,2025-08-07,,,CL_NEW_CLO_MEN_RUSH_PRO_BLACK_M,0,4901.0,,
607388962,2025-08-07,,,CL_NEW_CLO_MEN_LEG_BLACK_M,0,1489.0,,
606909029,2025-08-07,,,CL_NEW_CLO_MEN_LEG_BLACK_M,0,1489.0,,
606924898,2025-08-07,,,CL_NEW_CLO_MEN_LEG_BLACK_M,0,1489.0,,
606825516,2025-08-07,,,CL_NEW_CLO_MEN_LEG_BLACK_L,0,1000.0,,
606924898,2025-08-07,,,CL_NEW_CLO_MEN_LEG_WHITE_XL,0,1398.0,,
607392415,2025-08-07,,,CL_NEW_CLO_MEN_LEG_WHITE_M,0,1398.0,,
606850568,2025-08-07,,,CL_NEW_CLO_MEN_LEG_WHITE_M,0,1398.0,,
606909029,2025-08-07,,,CL_NEW_CLO_MEN_LEG_WHITE_M,0,1398.0,,
606825516,2025-08-07,,,CL_NEW_CLO_MEN_LEG_WHITE_L,0,1398.0,,
607082613,2025-08-07,,,CL_NEW_CLO_MEN_LEG_WHITE_L,0,1398.0,,
607152551,2025-08-07,,,CL_NEW_CLO_MEN_LEG_WHITE_3XL,0,1398.0,,
608582076,2025-08-09,,,CL_NEW_CLO_MEN_TAICI_BLACK_XL,0,990.0,,
608656992,2025-08-09,,,CL_NEW_CLO_MEN_TAICI_BLACK_L,0,990.0,,
608718770,2025-08-09,,,CL_NEW_CLO_MEN_TAICI_BLACK_3XL,0,3600.0,,
609012705,2025-08-09,,,CL_OC_MEN_PRINT51_BLACK_XL,0,8789.0,,
608663450,2025-08-09,,,CL_OC_MEN_PRINT51_BLACK_L,0,8871.0,,
608853064,2025-08-09,,,CL_OC_MEN_PRINT51_BLACK_3XL,0,8832.0,,
608462188,2025-08-09,,,CL_OC_MEN_PRINT51_BLACK_3XL,0,11873.0,,
609081835,2025-08-09,,,CL_NEW_CLO_MEN_RUSH_PRO_BLACK_XL,0,2993.0,,
608831666,2025-08-09,,,CL_NEW_CLO_MEN_RUSH_PRO_BLACK_XL,0,2995.0,,
608735279,2025-08-09,,,CL_NEW_CLO_MEN_RUSH_PRO_BLACK_L,0,2995.0,,
608699971,2025-08-09,,,CL_NEW_CLO_MEN_RUSH_PRO_BLACK_L,0,2995.0,,
608564528,2025-08-09,,,CL_NEW_CLO_MEN_RUSH_PRO_BLACK_L,0,2995.0,,
608600347,2025-08-09,,,CL_NEW_CLO_MEN_T_SHIRT_BLACK_M,0,4489.0,,
609027767,2025-08-09,,,CL_NEW_CLO_MEN_T_SHIRT_BLACK_3XL,0,4608.0,,
608927664,2025-08-09,,,CL_NEW_CLO_MEN_T_SHIRT_BLACK_XL,0,2569.0,,
608851550,2025-08-09,,,CL_NEW_CLO_KIDS_KID_31_BLACK_28,0,17990.0,,
608851550,2025-08-09,,,CL_NEW_CLO_KIDS_KID_31_BLACK_28,0,17990.0,,
608851550,2025-08-09,,,CL_NEW_CLO_KIDS_KID_31_BLACK_26,0,8995.0,,
608893423,2025-08-09,,,CL_NEW_CLO_KIDS_KID_31_BLACK_28,0,8995.0,,
608538031,2025-08-09,,,CL_NEW_CLO_MEN_LEG_BLACK_L,0,1998.0,,
608462151,2025-08-09,,,CL_NEW_CLO_MEN_LEG_BLACK_L,0,999.0,,
609055508,2025-08-09,,,CL_OC_MEN_PRINT51_BLACK_XL,0,8889.0,,
608575825,2025-08-09,,,CL_OC_MEN_PRINT51_BLACK_XL,0,8764.0,,
608506994,2025-08-09,,,CL_OC_MEN_PRINT51_BLACK_L,0,8097.0,,
608396504,2025-08-09,,,CL_OC_MEN_PRINT51_BLACK_L,0,8924.0,,
608433932,2025-08-09,,,CL_OC_MEN_PRINT51_BLACK_3XL,0,11989.0,,
608723404,2025-08-09,,,CL_NEW_CLO_MEN_LEG_WHITE_L,0,1498.0,,
608600083,2025-08-09,,,CL_NEW_CLO_MEN_LEG_WHITE_L,0,1486.0,,
608438731,2025-08-09,,,CL_NEW_CLO_MEN_LEG_WHITE_XL,0,1398.0,,
0,,,,0_nan,0,,,
609001173,2025-08-09,,,ESDY_ЧЕРНЫЙ_XL,0,5000.0,,
608496612,2025-08-09,,,BELI51_3XL,0,20990.0,,
608626714,2025-08-09,,,BELI51_2XL,0,17990.0,,
609085929,2025-08-09,,,BELI51_L,0,17990.0,,
608386900,2025-08-09,,,CL_OC_MEN_PRINT51_BLACK_M,0,8877.0,,
608708377,2025-08-09,,,CL_OC_MEN_PRINT51_BLACK_L,0,8753.0,,
608747402,2025-08-09,,,CL_OC_MEN_PRINT51_BLACK_XL,0,8752.0,,
608761442,2025-08-09,,,CL_OC_MEN_PRINT51_BLACK_XL,0,10703.0,,
608876266,2025-08-09,,,CL_OC_MEN_PRINT51_BLACK_XL,0,8687.0,,
608859914,2025-08-09,,,CL_OC_MEN_PRINT51_BLACK_XL,0,8687.0,,
608517791,2025-08-09,,,CL_OC_MEN_PRINT51_BLACK_XL,0,8880.0,,
608624954,2025-08-09,,,CL_OC_MEN_PRINT51_BLACK_XL,0,8614.0,,
608947124,2025-08-09,,,CL_OC_MEN_PRINT51_BLACK_XL,0,8827.0,,
608995614,2025-08-09,,,CL_OC_MEN_PRINT51_BLACK_2XL,0,7878.0,,
608530861,2025-08-09,,,CL_OC_MEN_PRINT51_BLACK_2XL,0,8898.0,,
608401465,2025-08-09,,,CL_OC_MEN_PRINT51_BLACK_2XL,0,8910.0,,
608951637,2025-08-09,,,CL_OC_MEN_PRINT51_BLACK_2XL,0,8125.0,,
608760884,2025-08-09,,,CL_OC_MEN_PRINT51_BLACK_2XL,0,8146.0,,
608562528,2025-08-09,,,CL_OC_MEN_PRINT51_BLACK_2XL,0,7800.0,,
608526876,2025-08-09,,,CL_OC_MEN_PRINT51_BLACK_2XL,0,7800.0,,
608340548,2025-08-09,,,CL_OC_MEN_PRINT51_BLACK_3XL,0,10652.0,,
609035100,2025-08-09,,,CL_OC_MEN_PRINT51_BLACK_3XL,0,8793.0,,
609025262,2025-08-09,,,CL_OC_MEN_PRINT51_BLACK_4XL,0,11815.0,,
609360009,2025-08-10,,,CL_NEW_CLO_MEN_TAICI_BLACK_XL,0,990.0,,
609395239,2025-08-10,,,CL_NEW_CLO_MEN_RUSH_PRO_BLACK_2XL,0,2993.0,,
609701381,2025-08-10,,,CL_NEW_CLO_KIDS_KID_31_BLACK_26,0,8993.0,,
609380750,2025-08-10,,,CL_NEW_CLO_MEN_T_SHIRT_BLACK_XL,0,2476.0,,
609227569,2025-08-10,,,CL_NEW_CLO_MEN_T_SHIRT_BLACK_XL,0,2490.0,,
609312020,2025-08-10,,,CL_NEW_CLO_MEN_LEG_BLACK_XL,0,1398.0,,
609256420,2025-08-10,,,CL_NEW_CLO_MEN_LEG_BLACK_3XL,0,1398.0,,
609420603,2025-08-10,,,CL_OC_MEN_PRINT51_BLACK_M,0,8781.0,,
609403899,2025-08-10,,,CL_OC_MEN_PRINT51_BLACK_L,0,8999.0,,
609216144,2025-08-10,,,CL_OC_MEN_PRINT51_BLACK_XL,0,8799.0,,
609546876,2025-08-10,,,CL_OC_MEN_PRINT51_BLACK_XL,0,8713.0,,
609690239,2025-08-10,,,CL_OC_MEN_PRINT51_BLACK_XL,0,8408.0,,
609459061,2025-08-10,,,CL_OC_MEN_PRINT51_BLACK_XL,0,8032.0,,
609270127,2025-08-10,,,CL_OC_MEN_PRINT51_BLACK_XL,0,8083.0,,
609161748,2025-08-10,,,CL_OC_MEN_PRINT51_BLACK_XL,0,9449.0,,
609470839,2025-08-10,,,CL_OC_MEN_PRINT51_BLACK_XL,0,8999.0,,
609295635,2025-08-10,,,CL_OC_MEN_PRINT51_BLACK_3XL,0,10271.0,,
609199005,2025-08-10,,,CL_OC_MEN_PRINT51_BLACK_3XL,0,8784.0,,
609382435,2025-08-10,,,CL_OC_MEN_PRINT51_BLACK_S,0,10645.0,,
609132772,2025-08-10,,,ESDY_ЧЕРНЫЙ_L,0,5000.0,,
609736398,2025-08-10,,,BELI51_XL,0,17990.0,,
609278966,2025-08-10,,,BELI51_XL,0,20990.0,,
609219107,2025-08-10,,,BELI51_2XL,0,17990.0,,
609438387,2025-08-10,,,BELI51_2XL,0,17990.0,,
609400032,2025-08-10,,,BELI51_4XL,0,20990.0,,
609492321,2025-08-10,,,CL_OC_MEN_PRINT51_BLACK_M,0,8757.0,,
609198763,2025-08-10,,,CL_OC_MEN_PRINT51_BLACK_L,0,8819.0,,
609240836,2025-08-10,,,CL_OC_MEN_PRINT51_BLACK_XL,0,7890.0,,
609269353,2025-08-10,,,CL_OC_MEN_PRINT51_BLACK_XL,0,7800.0,,
609579388,2025-08-10,,,CL_OC_MEN_PRINT51_BLACK_XL,0,8690.0,,
609300585,2025-08-10,,,CL_OC_MEN_PRINT51_BLACK_XL,0,8753.0,,
609229861,2025-08-10,,,CL_OC_MEN_PRINT51_BLACK_XL,0,8763.0,,
609150957,2025-08-10,,,CL_OC_MEN_PRINT51_BLACK_2XL,0,8803.0,,
609441708,2025-08-10,,,CL_OC_MEN_PRINT51_BLACK_4XL,0,11944.0,,
609519570,2025-08-10,,,ЧЕРНИЛА_КОМПЛЕКТ_nan,0,15000.0,,
609325540,2025-08-10,,,ЧЕРНИЛА_664_ЧЕРНЫЙ_nan,0,3300.0,,
610081287,2025-08-11,,,CL_OC_MEN_PRINT51_BLACK_M,0,8715.0,,
610552354,2025-08-11,,,CL_OC_MEN_PRINT51_BLACK_2XL,0,8964.0,,
609936900,2025-08-11,,,CL_OC_MEN_PRINT51_BLACK_2XL,0,8686.0,,
609835044,2025-08-11,,,CL_OC_MEN_PRINT51_BLACK_3XL,0,8688.0,,
609951247,2025-08-11,,,CL_OC_MEN_PRINT51_BLACK_4XL,0,11655.0,,
609965047,2025-08-11,,,BELI51_3XL,0,20990.0,,
610374221,2025-08-11,,,BELI51_XL,0,12990.0,,
609918757,2025-08-11,,,BELI51_M,0,17990.0,,
610468125,2025-08-11,,,CL_NEW_CLO_KIDS_KID_31_BLACK_30,0,8998.0,,
610468125,2025-08-11,,,CL_NEW_CLO_KIDS_KID_31_BLACK_26,0,8998.0,,
610056460,2025-08-11,,,CL_NEW_CLO_MEN_T_SHIRT_BLACK_XL,0,2328.0,,
609781061,2025-08-11,,,CL_NEW_CLO_MEN_TAICI_BLACK_XL,0,990.0,,
609781061,2025-08-11,,,CL_NEW_CLO_MEN_TAICI_BLACK_M,0,990.0,,
609781061,2025-08-11,,,CL_NEW_CLO_MEN_TAICI_BLACK_L,0,1980.0,,
610106509,2025-08-11,,,CL_NEW_CLO_MEN_TAICI_BLACK_3XL,0,1800.0,,
609962021,2025-08-11,,,CL_NEW_CLO_MEN_TAICI_BLACK_3XL,0,3600.0,,
609738144,2025-08-11,,,CL_NEW_CLO_MEN_LEG_BLACK_L,0,999.0,,
609738144,2025-08-11,,,CL_NEW_CLO_MEN_LEG_WHITE_L,0,1464.0,,
609914835,2025-08-11,,,CL_NEW_CLO_MEN_RUSH_PRO_BLACK_XL,0,2994.0,,
610086080,2025-08-11,,,CL_OC_MEN_PRINT51_BLACK_4XL,0,8159.0,,
609837781,2025-08-11,,,CL_OC_MEN_PRINT51_BLACK_3XL,0,8595.0,,
610310549,2025-08-11,,,CL_OC_MEN_PRINT51_BLACK_3XL,0,8598.0,,
610223974,2025-08-11,,,CL_OC_MEN_PRINT51_BLACK_XL,0,8999.0,,
609805869,2025-08-11,,,CL_OC_MEN_PRINT51_BLACK_XL,0,8306.0,,
610169018,2025-08-11,,,CL_OC_MEN_PRINT51_BLACK_XL,0,9000.0,,
610020527,2025-08-11,,,CL_OC_MEN_PRINT51_BLACK_XL,0,8356.0,,
610434290,2025-08-11,,,CL_OC_MEN_PRINT51_BLACK_XL,0,8131.0,,
610544455,2025-08-11,,,CL_OC_MEN_PRINT51_BLACK_XL,0,8799.0,,
610202265,2025-08-11,,,CL_OC_MEN_PRINT51_BLACK_XL,0,8799.0,,
610275339,2025-08-11,,,CL_OC_MEN_PRINT51_BLACK_XL,0,8567.0,,
610093782,2025-08-11,,,CL_OC_MEN_PRINT51_BLACK_L,0,8999.0,,
610425697,2025-08-11,,,CL_OC_MEN_PRINT51_BLACK_L,0,8781.0,,
609748118,2025-08-11,,,CL_OC_MEN_PRINT51_BLACK_L,0,8999.0,,
609745540,2025-08-11,,,CL_OC_MEN_PRINT51_BLACK_L,0,8999.0,,
610558309,2025-08-11,,,CL_OC_MEN_PRINT51_BLACK_M,0,8999.0,,
609825363,2025-08-11,,,CL_OC_MEN_PRINT51_BLACK_M,0,8731.0,,
610031476,2025-08-11,,,CL_OC_MEN_PRINT51_BLACK_M,0,8999.0,,
610030239,2025-08-11,,,CL_OC_MEN_PRINT51_BLACK_S,0,11651.0,,
610010736,2025-08-11,,,CL_NEW_CLO_MEN_LEG_WHITE_XL,0,1398.0,,
610458338,2025-08-11,,,CL_NEW_CLO_MEN_LEG_WHITE_XL,0,1490.0,,
610052860,2025-08-11,,,CL_NEW_CLO_MEN_LEG_WHITE_S,0,1398.0,,
610448150,2025-08-11,,,ЧЕРНИЛА_КОМПЛЕКТ_nan,0,15000.0,,
610285232,2025-08-11,,,ЧЕРНИЛА_664_ЧЕРНЫЙ_nan,0,3300.0,,
610014388,2025-08-11,,,CL_OC_MEN_PRINT51_BLACK_S,0,10519.0,,
611006227,2025-08-12,,,BELI51_2XL,0,,,
610732983,2025-08-12,,,BELI51_2XL,0,,,
610652964,2025-08-12,,,BELI51_2XL,0,,,
610699437,2025-08-12,,,BELI51_XL,0,,,
611257309,2025-08-12,,,BELI51_XL,0,,,
610638971,2025-08-12,,,BELI51_XL,0,,,
611039749,2025-08-12,,,CL_OC_MEN_PRINT51_BLACK_4XL,0,,,
611004735,2025-08-12,,,CL_OC_MEN_PRINT51_BLACK_3XL,0,,,
610754360,2025-08-12,,,CL_OC_MEN_PRINT51_BLACK_3XL,0,,,
611090924,2025-08-12,,,CL_OC_MEN_PRINT51_BLACK_2XL,0,,,
610994267,2025-08-12,,,CL_OC_MEN_PRINT51_BLACK_XL,0,,,
610633753,2025-08-12,,,CL_OC_MEN_PRINT51_BLACK_XL,0,,,
611017253,2025-08-12,,,CL_OC_MEN_PRINT51_BLACK_XL,0,,,
610993475,2025-08-12,,,CL_OC_MEN_PRINT51_BLACK_XL,0,,,
610792706,2025-08-12,,,CL_OC_MEN_PRINT51_BLACK_XL,0,,,
610601617,2025-08-12,,,CL_OC_MEN_PRINT51_BLACK_L,0,,,
610832857,2025-08-12,,,CL_NEW_CLO_MEN_TAICI_BLACK_3XL,0,,,
611125224,2025-08-12,,,CL_NEW_CLO_MEN_RUSH_PRO_BLACK_2XL,0,,,
611148830,2025-08-12,,,CL_NEW_CLO_MEN_RUSH_PRO_BLACK_XL,0,,,
610883844,2025-08-12,,,CL_NEW_CLO_MEN_RUSH_PRO_BLACK_XL,0,,,
610756451,2025-08-12,,,CL_NEW_CLO_MEN_LEG_WHITE_XL,0,,,
611287672,2025-08-12,,,CL_NEW_CLO_MEN_LEG_WHITE_3XL,0,,,
610786640,2025-08-12,,,CL_NEW_CLO_MEN_LEG_WHITE_2XL,0,,,
610666400,2025-08-12,,,CL_OC_MEN_PRINT51_BLACK_4XL,0,,,
611192976,2025-08-12,,,CL_OC_MEN_PRINT51_BLACK_4XL,0,,,
610941020,2025-08-12,,,CL_OC_MEN_PRINT51_BLACK_2XL,0,,,
611303228,2025-08-12,,,CL_OC_MEN_PRINT51_BLACK_2XL,0,,,
610754359,2025-08-12,,,CL_OC_MEN_PRINT51_BLACK_2XL,0,,,
610807555,2025-08-12,,,CL_OC_MEN_PRINT51_BLACK_2XL,0,,,
610671352,2025-08-12,,,CL_OC_MEN_PRINT51_BLACK_XL,0,,,
611129561,2025-08-12,,,CL_OC_MEN_PRINT51_BLACK_XL,0,,,
610943576,2025-08-12,,,CL_OC_MEN_PRINT51_BLACK_XL,0,,,
611098423,2025-08-12,,,CL_OC_MEN_PRINT51_BLACK_XL,0,,,
610713085,2025-08-12,,,CL_OC_MEN_PRINT51_BLACK_XL,0,,,
611267947,2025-08-12,,,CL_OC_MEN_PRINT51_BLACK_L,0,,,
610712975,2025-08-12,,,CL_OC_MEN_PRINT51_BLACK_L,0,,,
611185277,2025-08-12,,,CL_OC_MEN_PRINT51_BLACK_S,0,,,
610929187,2025-08-12,,,CL_NEW_CLO_MEN_LEG_BLACK_XL,0,,,
610834759,2025-08-12,,,CL_NEW_CLO_MEN_LEG_BLACK_XL,0,,,
610999373,2025-08-12,,,CL_NEW_CLO_MEN_LEG_BLACK_M,0,,,
611273329,2025-08-12,,,CL_NEW_CLO_MEN_LEG_BLACK_XL,0,,,
Леггинсы черные,2025-08-12,,,CL_NEW_CLO_MEN_LEG_BLACK_3XL,0,,,
611082051,2025-08-12,,,CL_NEW_CLO_KIDS_KID_31_BLACK_26,0,,,
0,,,,0_nan,0,,,
0,,,,0_nan,0,,,
0,,,,0_nan,0,,,
0,,,,0_nan,0,,,
0,,,,0_nan,0,,,
0,,,,0_nan,0,,,
0,,,,0_nan,0,,,
0,,,,0_nan,0,,,
0,,,,0_nan,0,,,
0,,,,0_nan,0,,,
0,,,,0_nan,0,,,
0,,,,0_nan,0,,,
0,,,,0_nan,0,,,
0,,,,0_nan,0,,,
1,,,,0_nan,0,,,
,,,,nan_nan,0,,,
,,,,nan_nan,0,,,
,,,,nan_nan,0,,,
,,,,nan_nan,0,,,
,,,,nan_nan,0,,,
,,,,nan_nan,0,,,
,,,,nan_nan,0,,,
,,,,nan_nan,0,,,
,,,,nan_nan,0,,,
,,,,nan_nan,0,,,
,,,,nan_nan,0,,,
,,,,nan_nan,0,,,
,,,,nan_nan,0,,,
,,,,nan_nan,0,,,
,,,,nan_nan,0,,,
,,,,nan_nan,0,,,
,,,,"""=XLOOKUP([@[SKU_KEY]];BUSINESS_MODEL.XLSM!TABLE257[SKU_KEY];BUSINESS_MODEL.XLSM!TABLE257[KASPI_NAME_CORE];"""";0;1)""_nan",0,,,
,,,,nan_nan,0,,,
,,,,nan_nan,0,,,
,,,,nan_nan,0,,,
,,,,nan_nan,0,,,
,,,,14990_nan,0,,,
,,,,12990_nan,0,,,
